<?xml version="1.0" encoding="UTF-8"?>
<templates id="template" xml:space="preserve">
    <t t-inherit="web.NavBar" t-inherit-mode="extension" owl="1">
        <xpath expr="//nav[hasclass('o_main_navbar')]" position="after">
            <!-- Advanced Sidebar for app search  -->
            <div class="sidebar_panel" id="sidebar_panel" t-ref="side_root">
                <div class="sidebar">
                    <div class="search-container form-row align-items-center m-auto mb-5 col-12"
                         style="padding-top: 32px;">
                        <div class="search-input col-md-10 ml-auto mr-auto mb-5"
                             t-on-input="_searchMenusSchedule">
                            <div class="input-group">
                                <div class="input-group-prepend">
                                    <div class="input-group-text">
                                        <i class="fa fa-search"/>
                                    </div>
                                </div>
                                <input type="search"
                                       autocomplete="off"
                                       placeholder="Search menus..."
                                       class="form-control"/>
                            </div>
                        </div>
                        <div class="search-results col-md-10 ml-auto mr-auto"/></div>
                    <ul class="sidebar_menu">
                        <t t-foreach="menuService.getApps()" t-as="app"
                           t-key="app_index">
                            <li>
                                <a role="menuitem" t-on-click="clickSidebar"
                                   t-attf-href="#menu_id={{app.id}}"
                                   class="dropdown-item o_app mt0"
                                   t-att-data-menu-id="app.menuID"
                                   t-att-data-menu-xmlid="app.xmlID"
                                   t-att-data-action-id="app.actionID">
                                    <img t-if="app.webIcon.includes('.png')"
                                         t-att-title="app.name"
                                         style="width: 40px !important;height: 40px !important;
                             border-radius: 10px !important;margin: 5px 5px 5px 5px;"
                                         t-attf-src="data:image/png;base64,{{app.webIconData}}"/>
                                    <img t-if="app.webIcon.includes('.svg')"
                                         t-att-title="app.name"
                                         style="width: 40px !important;height: 40px !important;
                             border-radius: 10px !important;margin: 5px 5px 5px 5px;"
                                         t-attf-src="data:image/svg+xml;base64,{{app.webIconData}}"/>
                                    <b class="a_app_menu_title">
                                        <t t-esc="app.name"/>
                                    </b>
                                </a>
                            </li>
                        </t>
                    </ul>
                </div>
            </div>
        </xpath>
    </t>
    <t t-inherit="web.NavBar.AppsMenu" t-inherit-mode="extension" owl="1">
        <xpath expr="//Dropdown" position="replace">
            <li class="dropdown">
                <a id="openSidebar" t-on-click="openSidebar"
                   style="display: block; cursor: pointer; margin-left: 10px;">
                    <i class="fa fa-bars fa-lg"/>
                </a>
                <a id="closeSidebar"
                   style="display: none; cursor: pointer; margin-left: 10px;">
                    <i class="fa fa-bars fa-lg"/>
                </a>
            </li>
        </xpath>
    </t>
    <t t-inherit="web.UserMenu" t-inherit-mode="extension" owl="1">
        <xpath expr="//span[hasclass('oe_topbar_name')]" position="replace">
            <div class="oe_topbar_name"/>
        </xpath>
    </t>
    <!--    view for search result -->
    <t t-name="backend_theme_odoo12.SearchResults">
        <t t-foreach="results" t-as="result">
            <t t-log="this"/>
            <div class="search_icons">
                <a t-attf-class="o-menu-search-result dropdown-item
                   col-12 ml-auto mr-auto #{result_first ? 'active' : ''}"
                   t-attf-style="background-image:url('data:image/png;base64,#{result.webIconData}')"
                   t-attf-href="#menu_id=#{result.id}&amp;action_id=#{result.actionID}"
                   t-att-data-menu-id="result.id"
                   t-att-data-action-id="result.actionID"
                   t-raw="result.name"
                   />
            </div>
        </t>
    </t>
</templates>
